12775;DIREITO À EDUCAÇÃO;null;DIREITO À EDUCAÇÃO (12775)
12795;Acesso;12775;DIREITO À EDUCAÇÃO (12775) | Acesso (12795)
12805;Acesso sem Conclusão do Ensino Médio;12795;DIREITO À EDUCAÇÃO (12775) | Acesso (12795) | Acesso sem Conclusão do Ensino Médio (12805)
14177;Ciência Sem Fronteiras;12795;DIREITO À EDUCAÇÃO (12775) | Acesso (12795) | Ciência Sem Fronteiras (14177)
12808;Cobrança de Taxa de Matrícula;12795;DIREITO À EDUCAÇÃO (12775) | Acesso (12795) | Cobrança de Taxa de Matrícula (12808)
12806;Convalidação de Estudos e Reconhecimento de Diploma;12795;DIREITO À EDUCAÇÃO (12775) | Acesso (12795) | Convalidação de Estudos e Reconhecimento de Diploma (12806)
12809;Cota para Ingresso - Ações Afirmativas;12795;DIREITO À EDUCAÇÃO (12775) | Acesso (12795) | Cota para Ingresso - Ações Afirmativas (12809)
12810;Itinerários Formativos;12795;DIREITO À EDUCAÇÃO (12775) | Acesso (12795) | Itinerários Formativos (12810)
12910;Formação Técnica e Profissional;12810;DIREITO À EDUCAÇÃO (12775) | Acesso (12795) | Itinerários Formativos (12810) | Formação Técnica e Profissional (12910)
12911;Itinerários Formativos do Ensino Médio;12810;DIREITO À EDUCAÇÃO (12775) | Acesso (12795) | Itinerários Formativos (12810) | Itinerários Formativos do Ensino Médio (12911)
14240;Matrícula - Ausência de Pré-Requisito;12795;DIREITO À EDUCAÇÃO (12775) | Acesso (12795) | Matrícula - Ausência de Pré-Requisito (14240)
14179;Perda de Prazo de Matrícula;12795;DIREITO À EDUCAÇÃO (12775) | Acesso (12795) | Perda de Prazo de Matrícula (14179)
12804;Processo Seletivo;12795;DIREITO À EDUCAÇÃO (12775) | Acesso (12795) | Processo Seletivo (12804)
12902;Exames Oficiais para Ingresso - Enem;12804;DIREITO À EDUCAÇÃO (12775) | Acesso (12795) | Processo Seletivo (12804) | Exames Oficiais para Ingresso - Enem (12902)
12903;Acessibilidade;12902;DIREITO À EDUCAÇÃO (12775) | Acesso (12795) | Processo Seletivo (12804) | Exames Oficiais para Ingresso - Enem (12902) | Acessibilidade (12903)
12904;Outros;12902;DIREITO À EDUCAÇÃO (12775) | Acesso (12795) | Processo Seletivo (12804) | Exames Oficiais para Ingresso - Enem (12902) | Outros (12904)
12912;Taxa de Inscrição;12902;DIREITO À EDUCAÇÃO (12775) | Acesso (12795) | Processo Seletivo (12804) | Exames Oficiais para Ingresso - Enem (12902) | Taxa de Inscrição (12912)
12905;Outros;12804;DIREITO À EDUCAÇÃO (12775) | Acesso (12795) | Processo Seletivo (12804) | Outros (12905)
12906;Acessibilidade;12905;DIREITO À EDUCAÇÃO (12775) | Acesso (12795) | Processo Seletivo (12804) | Outros (12905) | Acessibilidade (12906)
12907;Outros;12905;DIREITO À EDUCAÇÃO (12775) | Acesso (12795) | Processo Seletivo (12804) | Outros (12905) | Outros (12907)
12913;Taxa de Inscrição;12905;DIREITO À EDUCAÇÃO (12775) | Acesso (12795) | Processo Seletivo (12804) | Outros (12905) | Taxa de Inscrição (12913)
12899;Vestibular;12804;DIREITO À EDUCAÇÃO (12775) | Acesso (12795) | Processo Seletivo (12804) | Vestibular (12899)
12900;Acessibilidade;12899;DIREITO À EDUCAÇÃO (12775) | Acesso (12795) | Processo Seletivo (12804) | Vestibular (12899) | Acessibilidade (12900)
12901;Outros;12899;DIREITO À EDUCAÇÃO (12775) | Acesso (12795) | Processo Seletivo (12804) | Vestibular (12899) | Outros (12901)
12914;Taxa de Inscrição;12899;DIREITO À EDUCAÇÃO (12775) | Acesso (12795) | Processo Seletivo (12804) | Vestibular (12899) | Taxa de Inscrição (12914)
14178;Renovação de Matrícula - Inadimplência;12795;DIREITO À EDUCAÇÃO (12775) | Acesso (12795) | Renovação de Matrícula - Inadimplência (14178)
12807;Transferência Discente;12795;DIREITO À EDUCAÇÃO (12775) | Acesso (12795) | Transferência Discente (12807)
12908;Militar;12807;DIREITO À EDUCAÇÃO (12775) | Acesso (12795) | Transferência Discente (12807) | Militar (12908)
12909;Outras;12807;DIREITO À EDUCAÇÃO (12775) | Acesso (12795) | Transferência Discente (12807) | Outras (12909)
12803;Vaga;12795;DIREITO À EDUCAÇÃO (12775) | Acesso (12795) | Vaga (12803)
12895;Acesso Próximo do Domicílio;12803;DIREITO À EDUCAÇÃO (12775) | Acesso (12795) | Vaga (12803) | Acesso Próximo do Domicílio (12895)
12893;Ausência de Vaga;12803;DIREITO À EDUCAÇÃO (12775) | Acesso (12795) | Vaga (12803) | Ausência de Vaga (12893)
12894;Corte Etário;12803;DIREITO À EDUCAÇÃO (12775) | Acesso (12795) | Vaga (12803) | Corte Etário (12894)
12896;Matrícula de Irmãos na Mesma Escola;12803;DIREITO À EDUCAÇÃO (12775) | Acesso (12795) | Vaga (12803) | Matrícula de Irmãos na Mesma Escola (12896)
12897;Prioridade de Matrícula para Alunos com Deficiência;12803;DIREITO À EDUCAÇÃO (12775) | Acesso (12795) | Vaga (12803) | Prioridade de Matrícula para Alunos com Deficiência (12897)
12798;Avaliação e Controle;12775;DIREITO À EDUCAÇÃO (12775) | Avaliação e Controle (12798)
12814;Autorização de Funcionamento/Fiscalização de Estabelecimentos de Ensino;12798;DIREITO À EDUCAÇÃO (12775) | Avaliação e Controle (12798) | Autorização de Funcionamento/Fiscalização de Estabelecimentos de Ensino (12814)
12811;Autorização e Reconhecimento de Cursos;12798;DIREITO À EDUCAÇÃO (12775) | Avaliação e Controle (12798) | Autorização e Reconhecimento de Cursos (12811)
12812;Credenciamento e Recredenciamento;12798;DIREITO À EDUCAÇÃO (12775) | Avaliação e Controle (12798) | Credenciamento e Recredenciamento (12812)
12813;Enade;12798;DIREITO À EDUCAÇÃO (12775) | Avaliação e Controle (12798) | Enade (12813)
12793;Educação Básica;12775;DIREITO À EDUCAÇÃO (12775) | Educação Básica (12793)
12816;Educação Fundamental Regular - Anos Finais;12793;DIREITO À EDUCAÇÃO (12775) | Educação Básica (12793) | Educação Fundamental Regular - Anos Finais (12816)
12817;Educação Fundamental Regular - Anos Iniciais;12793;DIREITO À EDUCAÇÃO (12775) | Educação Básica (12793) | Educação Fundamental Regular - Anos Iniciais (12817)
12818;Educação Infantil - Creche;12793;DIREITO À EDUCAÇÃO (12775) | Educação Básica (12793) | Educação Infantil - Creche (12818)
12819;Educação Infantil - Pré-Escola;12793;DIREITO À EDUCAÇÃO (12775) | Educação Básica (12793) | Educação Infantil - Pré-Escola (12819)
12822;EJA - Ensino Fundamental - Anos Finais;12793;DIREITO À EDUCAÇÃO (12775) | Educação Básica (12793) | EJA - Ensino Fundamental - Anos Finais (12822)
12821;EJA - Ensino Fundamental - Anos Iniciais;12793;DIREITO À EDUCAÇÃO (12775) | Educação Básica (12793) | EJA - Ensino Fundamental - Anos Iniciais (12821)
12820;EJA - Ensino Médio;12793;DIREITO À EDUCAÇÃO (12775) | Educação Básica (12793) | EJA - Ensino Médio (12820)
12815;Ensino Médio Regular;12793;DIREITO À EDUCAÇÃO (12775) | Educação Básica (12793) | Ensino Médio Regular (12815)
12826;Ensino Noturno;12793;DIREITO À EDUCAÇÃO (12775) | Educação Básica (12793) | Ensino Noturno (12826)
12824;Indígenas;12793;DIREITO À EDUCAÇÃO (12775) | Educação Básica (12793) | Indígenas (12824)
12825;Quilombolas;12793;DIREITO À EDUCAÇÃO (12775) | Educação Básica (12793) | Quilombolas (12825)
12915;Sistema Prisional;12793;DIREITO À EDUCAÇÃO (12775) | Educação Básica (12793) | Sistema Prisional (12915)
12823;Sistema Socioeducativo;12793;DIREITO À EDUCAÇÃO (12775) | Educação Básica (12793) | Sistema Socioeducativo (12823)
12796;Educação Especial;12775;DIREITO À EDUCAÇÃO (12775) | Educação Especial (12796)
12830;Acessibilidade Física;12796;DIREITO À EDUCAÇÃO (12775) | Educação Especial (12796) | Acessibilidade Física (12830)
12829;Institucionalização Pedagógica do Atendimento Educacional Especializado;12796;DIREITO À EDUCAÇÃO (12775) | Educação Especial (12796) | Institucionalização Pedagógica do Atendimento Educacional Especializado (12829)
12831;Material Didático Especializado, Tecnologias Assistivas e Suporte;12796;DIREITO À EDUCAÇÃO (12775) | Educação Especial (12796) | Material Didático Especializado, Tecnologias Assistivas e Suporte (12831)
12827;Profissionais de Apoio;12796;DIREITO À EDUCAÇÃO (12775) | Educação Especial (12796) | Profissionais de Apoio (12827)
12828;Sala de Recursos Multifuncionais;12796;DIREITO À EDUCAÇÃO (12775) | Educação Especial (12796) | Sala de Recursos Multifuncionais (12828)
12832;Educação Superior;12775;DIREITO À EDUCAÇÃO (12775) | Educação Superior (12832)
12833;Graduação (Bacharelado, Licenciatura, Profissional Tecnológica);12832;DIREITO À EDUCAÇÃO (12775) | Educação Superior (12832) | Graduação (Bacharelado, Licenciatura, Profissional Tecnológica) (12833)
12834;Pós-Graduação;12832;DIREITO À EDUCAÇÃO (12775) | Educação Superior (12832) | Pós-Graduação (12834)
12835;Ensino à Distância;12775;DIREITO À EDUCAÇÃO (12775) | Ensino à Distância (12835)
12801;Financiamento;12775;DIREITO À EDUCAÇÃO (12775) | Financiamento (12801)
12837;Despesa;12801;DIREITO À EDUCAÇÃO (12775) | Financiamento (12801) | Despesa (12837)
12838;Manutenção e Desenvolvimento do Ensino;12837;DIREITO À EDUCAÇÃO (12775) | Financiamento (12801) | Despesa (12837) | Manutenção e Desenvolvimento do Ensino (12838)
12925;Financiamento Privado do Ensino Superior e/ou Pesquisa;12801;DIREITO À EDUCAÇÃO (12775) | Financiamento (12801) | Financiamento Privado do Ensino Superior e/ou Pesquisa (12925)
12799;Gestão;12775;DIREITO À EDUCAÇÃO (12775) | Gestão (12799)
12840;Autonomia da Instituição de Ensino;12799;DIREITO À EDUCAÇÃO (12775) | Gestão (12799) | Autonomia da Instituição de Ensino (12840)
12839;Estatutos e Regimentos - Regras de Convivência e Sanções Disciplinares;12799;DIREITO À EDUCAÇÃO (12775) | Gestão (12799) | Estatutos e Regimentos - Regras de Convivência e Sanções Disciplinares (12839)
12924;Jubilamento de Aluno;12799;DIREITO À EDUCAÇÃO (12775) | Gestão (12799) | Jubilamento de Aluno (12924)
12921;Penalidades Disciplinares;12799;DIREITO À EDUCAÇÃO (12775) | Gestão (12799) | Penalidades Disciplinares (12921)
12794;Permanência;12775;DIREITO À EDUCAÇÃO (12775) | Permanência (12794)
12929;Colação de Grau;12794;DIREITO À EDUCAÇÃO (12775) | Permanência (12794) | Colação de Grau (12929)
12848;Evasão e Abandono;12794;DIREITO À EDUCAÇÃO (12775) | Permanência (12794) | Evasão e Abandono (12848)
12842;Expedição de Diplomas e Omissão na Entrega das Notas;12794;DIREITO À EDUCAÇÃO (12775) | Permanência (12794) | Expedição de Diplomas e Omissão na Entrega das Notas (12842)
12841;Mensalidades;12794;DIREITO À EDUCAÇÃO (12775) | Permanência (12794) | Mensalidades (12841)
12849;Programas de Assistência Estudantil - Alimentação, Moradia, Creche, Transporte ;12794;DIREITO À EDUCAÇÃO (12775) | Permanência (12794) | Programas de Assistência Estudantil - Alimentação, Moradia, Creche, Transporte  (12849)
12843;Programas de Bolsas e Financiamento Estudantil com Recursos Públicos ;12794;DIREITO À EDUCAÇÃO (12775) | Permanência (12794) | Programas de Bolsas e Financiamento Estudantil com Recursos Públicos  (12843)
12844;Fies;12843;DIREITO À EDUCAÇÃO (12775) | Permanência (12794) | Programas de Bolsas e Financiamento Estudantil com Recursos Públicos  (12843) | Fies (12844)
12846;Outros;12843;DIREITO À EDUCAÇÃO (12775) | Permanência (12794) | Programas de Bolsas e Financiamento Estudantil com Recursos Públicos  (12843) | Outros (12846)
12845;Prouni;12843;DIREITO À EDUCAÇÃO (12775) | Permanência (12794) | Programas de Bolsas e Financiamento Estudantil com Recursos Públicos  (12843) | Prouni (12845)
12802;Planos Decenais;12775;DIREITO À EDUCAÇÃO (12775) | Planos Decenais (12802)
12916;Plano Estadual de Educação;12802;DIREITO À EDUCAÇÃO (12775) | Planos Decenais (12802) | Plano Estadual de Educação (12916)
12919;Processo de Elaboração;12916;DIREITO À EDUCAÇÃO (12775) | Planos Decenais (12802) | Plano Estadual de Educação (12916) | Processo de Elaboração (12919)
12850;Plano Municipal de Educação;12802;DIREITO À EDUCAÇÃO (12775) | Planos Decenais (12802) | Plano Municipal de Educação (12850)
12917;Plano Nacional de Educação;12802;DIREITO À EDUCAÇÃO (12775) | Planos Decenais (12802) | Plano Nacional de Educação (12917)
12797;Qualidade;12775;DIREITO À EDUCAÇÃO (12775) | Qualidade (12797)
12862;Alimentação Escolar;12797;DIREITO À EDUCAÇÃO (12775) | Qualidade (12797) | Alimentação Escolar (12862)
12857;Bullying, Violência e Discriminação;12797;DIREITO À EDUCAÇÃO (12775) | Qualidade (12797) | Bullying, Violência e Discriminação (12857)
12928;Colisão de Horário;12797;DIREITO À EDUCAÇÃO (12775) | Qualidade (12797) | Colisão de Horário (12928)
12927;Currículo Escolar;12797;DIREITO À EDUCAÇÃO (12775) | Qualidade (12797) | Currículo Escolar (12927)
12852;Distorção de Série/Idade;12797;DIREITO À EDUCAÇÃO (12775) | Qualidade (12797) | Distorção de Série/Idade (12852)
12865;Estudos de Recuperação;12797;DIREITO À EDUCAÇÃO (12775) | Qualidade (12797) | Estudos de Recuperação (12865)
12853;Exames de Certificação - Diploma;12797;DIREITO À EDUCAÇÃO (12775) | Qualidade (12797) | Exames de Certificação - Diploma (12853)
12926;Exigência de Estágio Profissionalizante;12797;DIREITO À EDUCAÇÃO (12775) | Qualidade (12797) | Exigência de Estágio Profissionalizante (12926)
12858;Formação Técnica Profissional;12797;DIREITO À EDUCAÇÃO (12775) | Qualidade (12797) | Formação Técnica Profissional (12858)
12864;Infraestrutura;12797;DIREITO À EDUCAÇÃO (12775) | Qualidade (12797) | Infraestrutura (12864)
12854;Infrequência Escolar;12797;DIREITO À EDUCAÇÃO (12775) | Qualidade (12797) | Infrequência Escolar (12854)
12856;Material Didático;12797;DIREITO À EDUCAÇÃO (12775) | Qualidade (12797) | Material Didático (12856)
12922;Omissão na Entrega de Notas;12797;DIREITO À EDUCAÇÃO (12775) | Qualidade (12797) | Omissão na Entrega de Notas (12922)
12860;Quantidade de Alunos por Sala;12797;DIREITO À EDUCAÇÃO (12775) | Qualidade (12797) | Quantidade de Alunos por Sala (12860)
12863;Regime Hospitalar ou Domiciliar durante Período de Internação;12797;DIREITO À EDUCAÇÃO (12775) | Qualidade (12797) | Regime Hospitalar ou Domiciliar durante Período de Internação (12863)
12861;Relações Étnico-Raciais;12797;DIREITO À EDUCAÇÃO (12775) | Qualidade (12797) | Relações Étnico-Raciais (12861)
12920;Residência Médica;12797;DIREITO À EDUCAÇÃO (12775) | Qualidade (12797) | Residência Médica (12920)
12855;Transporte;12797;DIREITO À EDUCAÇÃO (12775) | Qualidade (12797) | Transporte (12855)
12800;Valorização do Magistério e dos Profissionais da Educação ;12775;DIREITO À EDUCAÇÃO (12775) | Valorização do Magistério e dos Profissionais da Educação  (12800)
12868;Absenteísmo Docente;12800;DIREITO À EDUCAÇÃO (12775) | Valorização do Magistério e dos Profissionais da Educação  (12800) | Absenteísmo Docente (12868)
12870;Faltas;12868;DIREITO À EDUCAÇÃO (12775) | Valorização do Magistério e dos Profissionais da Educação  (12800) | Absenteísmo Docente (12868) | Faltas (12870)
12873;Faltas Justificadas;12870;DIREITO À EDUCAÇÃO (12775) | Valorização do Magistério e dos Profissionais da Educação  (12800) | Absenteísmo Docente (12868) | Faltas (12870) | Faltas Justificadas (12873)
12874;Faltas não Justificadas;12870;DIREITO À EDUCAÇÃO (12775) | Valorização do Magistério e dos Profissionais da Educação  (12800) | Absenteísmo Docente (12868) | Faltas (12870) | Faltas não Justificadas (12874)
12869;Licenças;12868;DIREITO À EDUCAÇÃO (12775) | Valorização do Magistério e dos Profissionais da Educação  (12800) | Absenteísmo Docente (12868) | Licenças (12869)
12871;Licença Saúde;12869;DIREITO À EDUCAÇÃO (12775) | Valorização do Magistério e dos Profissionais da Educação  (12800) | Absenteísmo Docente (12868) | Licenças (12869) | Licença Saúde (12871)
12872;Outras Licenças;12869;DIREITO À EDUCAÇÃO (12775) | Valorização do Magistério e dos Profissionais da Educação  (12800) | Absenteísmo Docente (12868) | Licenças (12869) | Outras Licenças (12872)
12875;Aposentadoria Especial;12800;DIREITO À EDUCAÇÃO (12775) | Valorização do Magistério e dos Profissionais da Educação  (12800) | Aposentadoria Especial (12875)
12879;Ensino à Distância;12800;DIREITO À EDUCAÇÃO (12775) | Valorização do Magistério e dos Profissionais da Educação  (12800) | Ensino à Distância (12879)
12880;Certificação;12879;DIREITO À EDUCAÇÃO (12775) | Valorização do Magistério e dos Profissionais da Educação  (12800) | Ensino à Distância (12879) | Certificação (12880)
12876;Espécies de Vínculo de Trabalho;12800;DIREITO À EDUCAÇÃO (12775) | Valorização do Magistério e dos Profissionais da Educação  (12800) | Espécies de Vínculo de Trabalho (12876)
12877;Contrato Temporário;12876;DIREITO À EDUCAÇÃO (12775) | Valorização do Magistério e dos Profissionais da Educação  (12800) | Espécies de Vínculo de Trabalho (12876) | Contrato Temporário (12877)
12878;Estatutário;12876;DIREITO À EDUCAÇÃO (12775) | Valorização do Magistério e dos Profissionais da Educação  (12800) | Espécies de Vínculo de Trabalho (12876) | Estatutário (12878)
12891;Formação;12800;DIREITO À EDUCAÇÃO (12775) | Valorização do Magistério e dos Profissionais da Educação  (12800) | Formação (12891)
12892;Continuada;12891;DIREITO À EDUCAÇÃO (12775) | Valorização do Magistério e dos Profissionais da Educação  (12800) | Formação (12891) | Continuada (12892)
12888;Greve;12800;DIREITO À EDUCAÇÃO (12775) | Valorização do Magistério e dos Profissionais da Educação  (12800) | Greve (12888)
12889;Contrato Temporário;12888;DIREITO À EDUCAÇÃO (12775) | Valorização do Magistério e dos Profissionais da Educação  (12800) | Greve (12888) | Contrato Temporário (12889)
12890;Outros;12888;DIREITO À EDUCAÇÃO (12775) | Valorização do Magistério e dos Profissionais da Educação  (12800) | Greve (12888) | Outros (12890)
12866;Jornada de Trabalho;12800;DIREITO À EDUCAÇÃO (12775) | Valorização do Magistério e dos Profissionais da Educação  (12800) | Jornada de Trabalho (12866)
12867;Carga Horária de Aulas/Processo de Atribuição de Aulas e Classes;12866;DIREITO À EDUCAÇÃO (12775) | Valorização do Magistério e dos Profissionais da Educação  (12800) | Jornada de Trabalho (12866) | Carga Horária de Aulas/Processo de Atribuição de Aulas e Classes (12867)
12881;Plano de Carreira;12800;DIREITO À EDUCAÇÃO (12775) | Valorização do Magistério e dos Profissionais da Educação  (12800) | Plano de Carreira (12881)
12883;Certificação;12881;DIREITO À EDUCAÇÃO (12775) | Valorização do Magistério e dos Profissionais da Educação  (12800) | Plano de Carreira (12881) | Certificação (12883)
12884;Concurso de Ingresso;12881;DIREITO À EDUCAÇÃO (12775) | Valorização do Magistério e dos Profissionais da Educação  (12800) | Plano de Carreira (12881) | Concurso de Ingresso (12884)
12882;Progressão;12881;DIREITO À EDUCAÇÃO (12775) | Valorização do Magistério e dos Profissionais da Educação  (12800) | Plano de Carreira (12881) | Progressão (12882)
12885;Remuneração;12800;DIREITO À EDUCAÇÃO (12775) | Valorização do Magistério e dos Profissionais da Educação  (12800) | Remuneração (12885)
12887;Piso Salarial;12885;DIREITO À EDUCAÇÃO (12775) | Valorização do Magistério e dos Profissionais da Educação  (12800) | Remuneração (12885) | Piso Salarial (12887)
13254;Permuta ;10187;DIREITO ADMINISTRATIVO E OUTRAS MATÉRIAS DE DIREITO PÚBLICO (9985) | Agentes Políticos (10186) | Magistratura (10187) | Permuta  (13254)
13323;Vitaliciamento ;10187;DIREITO ADMINISTRATIVO E OUTRAS MATÉRIAS DE DIREITO PÚBLICO (9985) | Agentes Políticos (10186) | Magistratura (10187) | Vitaliciamento  (13323)
14954;Inspeção em Estabelecimento Penal;10015;DIREITO ADMINISTRATIVO E OUTRAS MATÉRIAS DE DIREITO PÚBLICO (9985) | Atos Administrativos (9997) | Fiscalização (10015) | Inspeção em Estabelecimento Penal (14954)
14955;Inspeção na Área de Execução Penal e Corregedoria dos Presídios;10015;DIREITO ADMINISTRATIVO E OUTRAS MATÉRIAS DE DIREITO PÚBLICO (9985) | Atos Administrativos (9997) | Fiscalização (10015) | Inspeção na Área de Execução Penal e Corregedoria dos Presídios (14955)
14956;Interdição de Estabelecimento Penal;10015;DIREITO ADMINISTRATIVO E OUTRAS MATÉRIAS DE DIREITO PÚBLICO (9985) | Atos Administrativos (9997) | Fiscalização (10015) | Interdição de Estabelecimento Penal (14956)
12959;Cadastro Reserva ;10370;DIREITO ADMINISTRATIVO E OUTRAS MATÉRIAS DE DIREITO PÚBLICO (9985) | Concurso Público / Edital (10370) | Cadastro Reserva  (12959)
12770;Obras Públicas;10421;DIREITO ADMINISTRATIVO E OUTRAS MATÉRIAS DE DIREITO PÚBLICO (9985) | Contratos Administrativos (10421) | Obras Públicas (12770)
14913;Cadastro de Indadimplentes - CADIN;10394;DIREITO ADMINISTRATIVO E OUTRAS MATÉRIAS DE DIREITO PÚBLICO (9985) | Dívida Ativa não-tributária (10394) | Cadastro de Indadimplentes - CADIN (14913)
14127;Crédito Rural;10402;DIREITO ADMINISTRATIVO E OUTRAS MATÉRIAS DE DIREITO PÚBLICO (9985) | Dívida Ativa não-tributária (10394) | Cessão de créditos não-tributários (10402) | Crédito Rural (14127)
14128;FGTS;10394;DIREITO ADMINISTRATIVO E OUTRAS MATÉRIAS DE DIREITO PÚBLICO (9985) | Dívida Ativa não-tributária (10394) | FGTS (14128)
14914;Contrato Administrativo;10395;DIREITO ADMINISTRATIVO E OUTRAS MATÉRIAS DE DIREITO PÚBLICO (9985) | Dívida Ativa não-tributária (10394) | Multas e demais Sanções (10395) | Contrato Administrativo (14914)
14129;Compensação Financeira pela Exploração de Recursos Minerais (CFEM);10106;DIREITO ADMINISTRATIVO E OUTRAS MATÉRIAS DE DIREITO PÚBLICO (9985) | Domínio Público (10088) | Recursos Minerais (10106) | Compensação Financeira pela Exploração de Recursos Minerais (CFEM) (14129)
14130;Sistema Prisional;9986;DIREITO ADMINISTRATIVO E OUTRAS MATÉRIAS DE DIREITO PÚBLICO (9985) | Garantias Constitucionais (9986) | Sistema Prisional (14130)
14202;Lei Geral de Proteção de Dados (LGPD);9985;DIREITO ADMINISTRATIVO E OUTRAS MATÉRIAS DE DIREITO PÚBLICO (9985) | Lei Geral de Proteção de Dados (LGPD) (14202)
14204;Privacidade;14202;DIREITO ADMINISTRATIVO E OUTRAS MATÉRIAS DE DIREITO PÚBLICO (9985) | Lei Geral de Proteção de Dados (LGPD) (14202) | Privacidade (14204)
14203;Proteção de Dados Pessoais;14202;DIREITO ADMINISTRATIVO E OUTRAS MATÉRIAS DE DIREITO PÚBLICO (9985) | Lei Geral de Proteção de Dados (LGPD) (14202) | Proteção de Dados Pessoais (14203)
14131;Dispensa;10385;DIREITO ADMINISTRATIVO E OUTRAS MATÉRIAS DE DIREITO PÚBLICO (9985) | Licitações  (10385) | Dispensa (14131)
14132;Inexigibilidade;10385;DIREITO ADMINISTRATIVO E OUTRAS MATÉRIAS DE DIREITO PÚBLICO (9985) | Licitações  (10385) | Inexigibilidade (14132)
14133;Concorrência;10386;DIREITO ADMINISTRATIVO E OUTRAS MATÉRIAS DE DIREITO PÚBLICO (9985) | Licitações  (10385) | Modalidade / Limite (10386) | Concorrência (14133)
14136;Concurso;10386;DIREITO ADMINISTRATIVO E OUTRAS MATÉRIAS DE DIREITO PÚBLICO (9985) | Licitações  (10385) | Modalidade / Limite (10386) | Concurso (14136)
14135;Convite;10386;DIREITO ADMINISTRATIVO E OUTRAS MATÉRIAS DE DIREITO PÚBLICO (9985) | Licitações  (10385) | Modalidade / Limite (10386) | Convite (14135)
14137;Leilão;10386;DIREITO ADMINISTRATIVO E OUTRAS MATÉRIAS DE DIREITO PÚBLICO (9985) | Licitações  (10385) | Modalidade / Limite (10386) | Leilão (14137)
14138;Pregão;10386;DIREITO ADMINISTRATIVO E OUTRAS MATÉRIAS DE DIREITO PÚBLICO (9985) | Licitações  (10385) | Modalidade / Limite (10386) | Pregão (14138)
14140;Eletrônico;14138;DIREITO ADMINISTRATIVO E OUTRAS MATÉRIAS DE DIREITO PÚBLICO (9985) | Licitações  (10385) | Modalidade / Limite (10386) | Pregão (14138) | Eletrônico (14140)
14139;Presencial;14138;DIREITO ADMINISTRATIVO E OUTRAS MATÉRIAS DE DIREITO PÚBLICO (9985) | Licitações  (10385) | Modalidade / Limite (10386) | Pregão (14138) | Presencial (14139)
14134;Tomada de Preço;10386;DIREITO ADMINISTRATIVO E OUTRAS MATÉRIAS DE DIREITO PÚBLICO (9985) | Licitações  (10385) | Modalidade / Limite (10386) | Tomada de Preço (14134)
14141;Descontos Indevidos;10337;DIREITO ADMINISTRATIVO E OUTRAS MATÉRIAS DE DIREITO PÚBLICO (9985) | Militar (10324) | Sistema Remuneratório e Benefícios (10337) | Descontos Indevidos (14141)
14142;Adicional de Inatividade;10338;DIREITO ADMINISTRATIVO E OUTRAS MATÉRIAS DE DIREITO PÚBLICO (9985) | Militar (10324) | Sistema Remuneratório e Benefícios (10337) | Gratificações e Adicionais (10338) | Adicional de Inatividade (14142)
14143;Gratificação de Compensação Orgânica;10338;DIREITO ADMINISTRATIVO E OUTRAS MATÉRIAS DE DIREITO PÚBLICO (9985) | Militar (10324) | Sistema Remuneratório e Benefícios (10337) | Gratificações e Adicionais (10338) | Gratificação de Compensação Orgânica (14143)
14239;Gratificação de Condição Especial de Trabalho;10338;DIREITO ADMINISTRATIVO E OUTRAS MATÉRIAS DE DIREITO PÚBLICO (9985) | Militar (10324) | Sistema Remuneratório e Benefícios (10337) | Gratificações e Adicionais (10338) | Gratificação de Condição Especial de Trabalho (14239)
14144;Ajuda de Custo;10340;DIREITO ADMINISTRATIVO E OUTRAS MATÉRIAS DE DIREITO PÚBLICO (9985) | Militar (10324) | Sistema Remuneratório e Benefícios (10337) | Indenizações Regulares (10340) | Ajuda de Custo (14144)
14145;Soldo Legal e Ajustado;10341;DIREITO ADMINISTRATIVO E OUTRAS MATÉRIAS DE DIREITO PÚBLICO (9985) | Militar (10324) | Sistema Remuneratório e Benefícios (10337) | Isonomia (10341) | Soldo Legal e Ajustado (14145)
14146;Restituição ao Erário;10337;DIREITO ADMINISTRATIVO E OUTRAS MATÉRIAS DE DIREITO PÚBLICO (9985) | Militar (10324) | Sistema Remuneratório e Benefícios (10337) | Restituição ao Erário (14146)
14147;Valores Antecipados na Tutela Revogada/Cassada;14146;DIREITO ADMINISTRATIVO E OUTRAS MATÉRIAS DE DIREITO PÚBLICO (9985) | Militar (10324) | Sistema Remuneratório e Benefícios (10337) | Restituição ao Erário (14146) | Valores Antecipados na Tutela Revogada/Cassada (14147)
14148;Acidentes;10502;DIREITO ADMINISTRATIVO E OUTRAS MATÉRIAS DE DIREITO PÚBLICO (9985) | Responsabilidade da Administração (9991) | Indenização por Dano Material (10502) | Acidentes (14148)
14910;Acidente Ferroviário;14148;DIREITO ADMINISTRATIVO E OUTRAS MATÉRIAS DE DIREITO PÚBLICO (9985) | Responsabilidade da Administração (9991) | Indenização por Dano Material (10502) | Acidentes (14148) | Acidente Ferroviário (14910)
14149;Exposição a Substâncias Tóxicas - Dicloro-Difenil-Tricloroetano (DDT/Mercúrio/Outras);14148;DIREITO ADMINISTRATIVO E OUTRAS MATÉRIAS DE DIREITO PÚBLICO (9985) | Responsabilidade da Administração (9991) | Indenização por Dano Material (10502) | Acidentes (14148) | Exposição a Substâncias Tóxicas - Dicloro-Difenil-Tricloroetano (DDT/Mercúrio/Outras) (14149)
14166;Ausência/Deficiência de Fiscalização;10502;DIREITO ADMINISTRATIVO E OUTRAS MATÉRIAS DE DIREITO PÚBLICO (9985) | Responsabilidade da Administração (9991) | Indenização por Dano Material (10502) | Ausência/Deficiência de Fiscalização (14166)
14150;Concurso Público - Nomeação/Posse Tardia;10502;DIREITO ADMINISTRATIVO E OUTRAS MATÉRIAS DE DIREITO PÚBLICO (9985) | Responsabilidade da Administração (9991) | Indenização por Dano Material (10502) | Concurso Público - Nomeação/Posse Tardia (14150)
14151;Correspondência - ECT;10502;DIREITO ADMINISTRATIVO E OUTRAS MATÉRIAS DE DIREITO PÚBLICO (9985) | Responsabilidade da Administração (9991) | Indenização por Dano Material (10502) | Correspondência - ECT (14151)
14154;Devolução de Cheques;10502;DIREITO ADMINISTRATIVO E OUTRAS MATÉRIAS DE DIREITO PÚBLICO (9985) | Responsabilidade da Administração (9991) | Indenização por Dano Material (10502) | Devolução de Cheques (14154)
14155;Inscrição em Cadastro Restrito de Crédito;10502;DIREITO ADMINISTRATIVO E OUTRAS MATÉRIAS DE DIREITO PÚBLICO (9985) | Responsabilidade da Administração (9991) | Indenização por Dano Material (10502) | Inscrição em Cadastro Restrito de Crédito (14155)
14159;Política Pública de Preços;10502;DIREITO ADMINISTRATIVO E OUTRAS MATÉRIAS DE DIREITO PÚBLICO (9985) | Responsabilidade da Administração (9991) | Indenização por Dano Material (10502) | Política Pública de Preços (14159)
14156;Protesto Indevido de Títulos;10502;DIREITO ADMINISTRATIVO E OUTRAS MATÉRIAS DE DIREITO PÚBLICO (9985) | Responsabilidade da Administração (9991) | Indenização por Dano Material (10502) | Protesto Indevido de Títulos (14156)
14157;Roubo/Leilão Indevido de Bem Empenhado;10502;DIREITO ADMINISTRATIVO E OUTRAS MATÉRIAS DE DIREITO PÚBLICO (9985) | Responsabilidade da Administração (9991) | Indenização por Dano Material (10502) | Roubo/Leilão Indevido de Bem Empenhado (14157)
14158;Saque Fraudulento;10502;DIREITO ADMINISTRATIVO E OUTRAS MATÉRIAS DE DIREITO PÚBLICO (9985) | Responsabilidade da Administração (9991) | Indenização por Dano Material (10502) | Saque Fraudulento (14158)
14161;Tráfego de Veículo com Excesso de Peso;10502;DIREITO ADMINISTRATIVO E OUTRAS MATÉRIAS DE DIREITO PÚBLICO (9985) | Responsabilidade da Administração (9991) | Indenização por Dano Material (10502) | Tráfego de Veículo com Excesso de Peso (14161)
14162;Acidentes;9992;DIREITO ADMINISTRATIVO E OUTRAS MATÉRIAS DE DIREITO PÚBLICO (9985) | Responsabilidade da Administração (9991) | Indenização por Dano Moral (9992) | Acidentes (14162)
14911;Acidente Ferroviário;14162;DIREITO ADMINISTRATIVO E OUTRAS MATÉRIAS DE DIREITO PÚBLICO (9985) | Responsabilidade da Administração (9991) | Indenização por Dano Moral (9992) | Acidentes (14162) | Acidente Ferroviário (14911)
14163;Exposição a Substâncias Tóxicas (Dicloro-Difenil-Tricloroetano (DDT / Mercúrio / Outras);14162;DIREITO ADMINISTRATIVO E OUTRAS MATÉRIAS DE DIREITO PÚBLICO (9985) | Responsabilidade da Administração (9991) | Indenização por Dano Moral (9992) | Acidentes (14162) | Exposição a Substâncias Tóxicas (Dicloro-Difenil-Tricloroetano (DDT / Mercúrio / Outras) (14163)
14175;Assédio Moral;9992;DIREITO ADMINISTRATIVO E OUTRAS MATÉRIAS DE DIREITO PÚBLICO (9985) | Responsabilidade da Administração (9991) | Indenização por Dano Moral (9992) | Assédio Moral (14175)
14164;Ausência/Deficiência de Fiscalização;9992;DIREITO ADMINISTRATIVO E OUTRAS MATÉRIAS DE DIREITO PÚBLICO (9985) | Responsabilidade da Administração (9991) | Indenização por Dano Moral (9992) | Ausência/Deficiência de Fiscalização (14164)
14165;Concurso Público - Nomeação/Posse Tardia;9992;DIREITO ADMINISTRATIVO E OUTRAS MATÉRIAS DE DIREITO PÚBLICO (9985) | Responsabilidade da Administração (9991) | Indenização por Dano Moral (9992) | Concurso Público - Nomeação/Posse Tardia (14165)
14167;Correspondência - ECT;9992;DIREITO ADMINISTRATIVO E OUTRAS MATÉRIAS DE DIREITO PÚBLICO (9985) | Responsabilidade da Administração (9991) | Indenização por Dano Moral (9992) | Correspondência - ECT (14167)
14168;Devolução de Cheques;9992;DIREITO ADMINISTRATIVO E OUTRAS MATÉRIAS DE DIREITO PÚBLICO (9985) | Responsabilidade da Administração (9991) | Indenização por Dano Moral (9992) | Devolução de Cheques (14168)
14169;Inscrição em Cadastro Restritivo de Crédito;9992;DIREITO ADMINISTRATIVO E OUTRAS MATÉRIAS DE DIREITO PÚBLICO (9985) | Responsabilidade da Administração (9991) | Indenização por Dano Moral (9992) | Inscrição em Cadastro Restritivo de Crédito (14169)
14173;Política Pública de Preços;9992;DIREITO ADMINISTRATIVO E OUTRAS MATÉRIAS DE DIREITO PÚBLICO (9985) | Responsabilidade da Administração (9991) | Indenização por Dano Moral (9992) | Política Pública de Preços (14173)
14909;Prisão Ilegal;9992;DIREITO ADMINISTRATIVO E OUTRAS MATÉRIAS DE DIREITO PÚBLICO (9985) | Responsabilidade da Administração (9991) | Indenização por Dano Moral (9992) | Prisão Ilegal (14909)
14170;Protesto Indevido de Títulos;9992;DIREITO ADMINISTRATIVO E OUTRAS MATÉRIAS DE DIREITO PÚBLICO (9985) | Responsabilidade da Administração (9991) | Indenização por Dano Moral (9992) | Protesto Indevido de Títulos (14170)
14171;Roubo/Leilão Indevido de Bem Empenhado;9992;DIREITO ADMINISTRATIVO E OUTRAS MATÉRIAS DE DIREITO PÚBLICO (9985) | Responsabilidade da Administração (9991) | Indenização por Dano Moral (9992) | Roubo/Leilão Indevido de Bem Empenhado (14171)
14172;Saque Fraudulento;9992;DIREITO ADMINISTRATIVO E OUTRAS MATÉRIAS DE DIREITO PÚBLICO (9985) | Responsabilidade da Administração (9991) | Indenização por Dano Moral (9992) | Saque Fraudulento (14172)
14174;Tráfego de Veículo com Excesso de Peso;9992;DIREITO ADMINISTRATIVO E OUTRAS MATÉRIAS DE DIREITO PÚBLICO (9985) | Responsabilidade da Administração (9991) | Indenização por Dano Moral (9992) | Tráfego de Veículo com Excesso de Peso (14174)
14176;Tarifa;10075;DIREITO ADMINISTRATIVO E OUTRAS MATÉRIAS DE DIREITO PÚBLICO (9985) | Serviços (10028) | Concessão / Permissão / Autorização (10073) | Energia Elétrica (10075) | Tarifa (14176)
14194;Acidente em Serviço;10255;DIREITO ADMINISTRATIVO E OUTRAS MATÉRIAS DE DIREITO PÚBLICO (9985) | Servidor Público Civil (10219) | Aposentadoria (10254) | Invalidez Permanente (10255) | Acidente em Serviço (14194)
14180;Moléstia Profissional ou Doença Grave;10255;DIREITO ADMINISTRATIVO E OUTRAS MATÉRIAS DE DIREITO PÚBLICO (9985) | Servidor Público Civil (10219) | Aposentadoria (10254) | Invalidez Permanente (10255) | Moléstia Profissional ou Doença Grave (14180)
14182;Alienação Mental;14180;DIREITO ADMINISTRATIVO E OUTRAS MATÉRIAS DE DIREITO PÚBLICO (9985) | Servidor Público Civil (10219) | Aposentadoria (10254) | Invalidez Permanente (10255) | Moléstia Profissional ou Doença Grave (14180)
14187;Cardiopatia Grave;14180;DIREITO ADMINISTRATIVO E OUTRAS MATÉRIAS DE DIREITO PÚBLICO (9985) | Servidor Público Civil (10219) | Aposentadoria (10254) | Invalidez Permanente (10255) | Moléstia Profissional ou Doença Grave (14180)
14185;Cegueira;14180;DIREITO ADMINISTRATIVO E OUTRAS MATÉRIAS DE DIREITO PÚBLICO (9985) | Servidor Público Civil (10219) | Aposentadoria (10254) | Invalidez Permanente (10255) | Moléstia Profissional ou Doença Grave (14180)
14188;Doença de Parkinson;14180;DIREITO ADMINISTRATIVO E OUTRAS MATÉRIAS DE DIREITO PÚBLICO (9985) | Servidor Público Civil (10219) | Aposentadoria (10254) | Invalidez Permanente (10255) | Moléstia Profissional ou Doença Grave (14180)
14183;Esclerose Múltipla;14180;DIREITO ADMINISTRATIVO E OUTRAS MATÉRIAS DE DIREITO PÚBLICO (9985) | Servidor Público Civil (10219) | Aposentadoria (10254) | Invalidez Permanente (10255) | Moléstia Profissional ou Doença Grave (14180)
14190;Espondilaortrose Anquisolante;14180;DIREITO ADMINISTRATIVO E OUTRAS MATÉRIAS DE DIREITO PÚBLICO (9985) | Servidor Público Civil (10219) | Aposentadoria (10254) | Invalidez Permanente (10255) | Moléstia Profissional ou Doença Grave (14180)
14186;Hanseníase;14180;DIREITO ADMINISTRATIVO E OUTRAS MATÉRIAS DE DIREITO PÚBLICO (9985) | Servidor Público Civil (10219) | Aposentadoria (10254) | Invalidez Permanente (10255) | Moléstia Profissional ou Doença Grave (14180)
14192;Mal de Paget (Osteíte Deformante);14180;DIREITO ADMINISTRATIVO E OUTRAS MATÉRIAS DE DIREITO PÚBLICO (9985) | Servidor Público Civil (10219) | Aposentadoria (10254) | Invalidez Permanente (10255) | Moléstia Profissional ou Doença Grave (14180)
14191;Nefropatia Grave;14180;DIREITO ADMINISTRATIVO E OUTRAS MATÉRIAS DE DIREITO PÚBLICO (9985) | Servidor Público Civil (10219) | Aposentadoria (10254) | Invalidez Permanente (10255) | Moléstia Profissional ou Doença Grave (14180)
14184;Neoplasia Maligna;14180;DIREITO ADMINISTRATIVO E OUTRAS MATÉRIAS DE DIREITO PÚBLICO (9985) | Servidor Público Civil (10219) | Aposentadoria (10254) | Invalidez Permanente (10255) | Moléstia Profissional ou Doença Grave (14180)
14189;Paralisia Irreversível e Incapacitante;14180;DIREITO ADMINISTRATIVO E OUTRAS MATÉRIAS DE DIREITO PÚBLICO (9985) | Servidor Público Civil (10219) | Aposentadoria (10254) | Invalidez Permanente (10255) | Moléstia Profissional ou Doença Grave (14180)
14193;Síndrome de Imunodeficiência Adquirida;14180;DIREITO ADMINISTRATIVO E OUTRAS MATÉRIAS DE DIREITO PÚBLICO (9985) | Servidor Público Civil (10219) | Aposentadoria (10254) | Invalidez Permanente (10255) | Moléstia Profissional ou Doença Grave (14180)
14181;Tuberculose Ativa;14180;DIREITO ADMINISTRATIVO E OUTRAS MATÉRIAS DE DIREITO PÚBLICO (9985) | Servidor Público Civil (10219) | Aposentadoria (10254) | Invalidez Permanente (10255) | Moléstia Profissional ou Doença Grave (14180)
13186;Horas Extras ;10287;DIREITO ADMINISTRATIVO E OUTRAS MATÉRIAS DE DIREITO PÚBLICO (9985) | Servidor Público Civil (10219) | Jornada de Trabalho (10287) | Horas Extras  (13186)
13209;Intervalo ;10287;DIREITO ADMINISTRATIVO E OUTRAS MATÉRIAS DE DIREITO PÚBLICO (9985) | Servidor Público Civil (10219) | Jornada de Trabalho (10287) | Intervalo  (13209)
14195;Maioridade;10253;DIREITO ADMINISTRATIVO E OUTRAS MATÉRIAS DE DIREITO PÚBLICO (9985) | Servidor Público Civil (10219) | Pensão (10250) | Restabelecimento (10253) | Maioridade (14195)
13295;Revisão ;10250;DIREITO ADMINISTRATIVO E OUTRAS MATÉRIAS DE DIREITO PÚBLICO (9985) | Servidor Público Civil (10219) | Pensão (10250) | Revisão  (13295)
14196;Índice da URP - 26,05% (1989);10313;DIREITO ADMINISTRATIVO E OUTRAS MATÉRIAS DE DIREITO PÚBLICO (9985) | Servidor Público Civil (10219) | Reajustes de Remuneração, Proventos ou Pensão (10313) | Índice da URP - 26,05% (1989) (14196)
14197;Índice da URP - 26,06% (1987);10313;DIREITO ADMINISTRATIVO E OUTRAS MATÉRIAS DE DIREITO PÚBLICO (9985) | Servidor Público Civil (10219) | Reajustes de Remuneração, Proventos ou Pensão (10313) | Índice da URP - 26,06% (1987) (14197)
14200;Limite de Carga Horária - Jornada Semanal;10225;DIREITO ADMINISTRATIVO E OUTRAS MATÉRIAS DE DIREITO PÚBLICO (9985) | Servidor Público Civil (10219) | Regime Estatutário (10220) | Acumulação de Cargos (10225) | Limite de Carga Horária - Jornada Semanal (14200)
14198;Natureza do Cargo Acumulável;10225;DIREITO ADMINISTRATIVO E OUTRAS MATÉRIAS DE DIREITO PÚBLICO (9985) | Servidor Público Civil (10219) | Regime Estatutário (10220) | Acumulação de Cargos (10225) | Natureza do Cargo Acumulável (14198)
14199;Regime de Dedicação Exclusiva;10225;DIREITO ADMINISTRATIVO E OUTRAS MATÉRIAS DE DIREITO PÚBLICO (9985) | Servidor Público Civil (10219) | Regime Estatutário (10220) | Acumulação de Cargos (10225) | Regime de Dedicação Exclusiva (14199)
14201;Progressão Funcional com Interstício de Doze Meses;10236;DIREITO ADMINISTRATIVO E OUTRAS MATÉRIAS DE DIREITO PÚBLICO (9985) | Servidor Público Civil (10219) | Regime Estatutário (10220) | Promoção / Ascensão (10236) | Progressão Funcional com Interstício de Doze Meses (14201)
14708;Ajuda de Custo;10298;DIREITO ADMINISTRATIVO E OUTRAS MATÉRIAS DE DIREITO PÚBLICO (9985) | Servidor Público Civil (10219) | Sistema Remuneratório e Benefícios (10288) | Diárias e Outras Indenizações (10298) | Ajuda de Custo (14708)
14709;Auxílio-Moradia;10298;DIREITO ADMINISTRATIVO E OUTRAS MATÉRIAS DE DIREITO PÚBLICO (9985) | Servidor Público Civil (10219) | Sistema Remuneratório e Benefícios (10288) | Diárias e Outras Indenizações (10298) | Auxílio-Moradia (14709)
14710;Diárias;10298;DIREITO ADMINISTRATIVO E OUTRAS MATÉRIAS DE DIREITO PÚBLICO (9985) | Servidor Público Civil (10219) | Sistema Remuneratório e Benefícios (10288) | Diárias e Outras Indenizações (10298) | Diárias (14710)
14711;Indenização de Transporte;10298;DIREITO ADMINISTRATIVO E OUTRAS MATÉRIAS DE DIREITO PÚBLICO (9985) | Servidor Público Civil (10219) | Sistema Remuneratório e Benefícios (10288) | Diárias e Outras Indenizações (10298) | Indenização de Transporte (14711)
14712;Conversão em Pecúnia;10301;DIREITO ADMINISTRATIVO E OUTRAS MATÉRIAS DE DIREITO PÚBLICO (9985) | Servidor Público Civil (10219) | Sistema Remuneratório e Benefícios (10288) | Férias (10301) | Conversão em Pecúnia (14712)
14716;Gratificação de Biênio (Adicional Bienal);10290;DIREITO ADMINISTRATIVO E OUTRAS MATÉRIAS DE DIREITO PÚBLICO (9985) | Servidor Público Civil (10219) | Sistema Remuneratório e Benefícios (10288) | Gratificação de Incentivo (10290) | Gratificação de Biênio (Adicional Bienal) (14716)
14713;Gratificação de Estímulo à Docência no Magistério Superior - GED;10290;DIREITO ADMINISTRATIVO E OUTRAS MATÉRIAS DE DIREITO PÚBLICO (9985) | Servidor Público Civil (10219) | Sistema Remuneratório e Benefícios (10288) | Gratificação de Incentivo (10290) | Gratificação de Estímulo à Docência no Magistério Superior - GED (14713)
14714;Gratificação de Estímulo à Fiscalização e à Arrecadação dos Tributos Federais - GEFA;10290;DIREITO ADMINISTRATIVO E OUTRAS MATÉRIAS DE DIREITO PÚBLICO (9985) | Servidor Público Civil (10219) | Sistema Remuneratório e Benefícios (10288) | Gratificação de Incentivo (10290) | Gratificação de Estímulo à Fiscalização e à Arrecadação dos Tributos Federais - GEFA (14714)
14715;Gratificação de Incremento da Fiscalização e da Arrecadação - GIFA;10290;DIREITO ADMINISTRATIVO E OUTRAS MATÉRIAS DE DIREITO PÚBLICO (9985) | Servidor Público Civil (10219) | Sistema Remuneratório e Benefícios (10288) | Gratificação de Incentivo (10290) | Gratificação de Incremento da Fiscalização e da Arrecadação - GIFA (14715)
14717;Direito à Incorporação;10295;DIREITO ADMINISTRATIVO E OUTRAS MATÉRIAS DE DIREITO PÚBLICO (9985) | Servidor Público Civil (10219) | Sistema Remuneratório e Benefícios (10288) | Gratificação Incorporada / Quintos e Décimos / VPNI (10295) | Direito à Incorporação (14717)
14718;Portaria 474/87;10295;DIREITO ADMINISTRATIVO E OUTRAS MATÉRIAS DE DIREITO PÚBLICO (9985) | Servidor Público Civil (10219) | Sistema Remuneratório e Benefícios (10288) | Gratificação Incorporada / Quintos e Décimos / VPNI (10295) | Portaria 474/87 (14718)
14719;Reajuste;10295;DIREITO ADMINISTRATIVO E OUTRAS MATÉRIAS DE DIREITO PÚBLICO (9985) | Servidor Público Civil (10219) | Sistema Remuneratório e Benefícios (10288) | Gratificação Incorporada / Quintos e Décimos / VPNI (10295) | Reajuste (14719)
14720;Função Comissionada Integral - 100%;10718;DIREITO ADMINISTRATIVO E OUTRAS MATÉRIAS DE DIREITO PÚBLICO (9985) | Servidor Público Civil (10219) | Sistema Remuneratório e Benefícios (10288) | Gratificações Por Atividades Específicas (10718) | Função Comissionada Integral - 100% (14720)
14746;Gratificação de Atividade de Risco;10718;DIREITO ADMINISTRATIVO E OUTRAS MATÉRIAS DE DIREITO PÚBLICO (9985) | Servidor Público Civil (10219) | Sistema Remuneratório e Benefícios (10288) | Gratificações Por Atividades Específicas (10718) | Gratificação de Atividade de Risco (14746)
14721;Gratificação de Atividade Executiva - GAE;10718;DIREITO ADMINISTRATIVO E OUTRAS MATÉRIAS DE DIREITO PÚBLICO (9985) | Servidor Público Civil (10219) | Sistema Remuneratório e Benefícios (10288) | Gratificações Por Atividades Específicas (10718) | Gratificação de Atividade Executiva - GAE (14721)
14749;Gratificação de Desempenho da Carreira da Previdência, da Saúde e do Trabalho - GDPST;10718;DIREITO ADMINISTRATIVO E OUTRAS MATÉRIAS DE DIREITO PÚBLICO (9985) | Servidor Público Civil (10219) | Sistema Remuneratório e Benefícios (10288) | Gratificações Por Atividades Específicas (10718) | Gratificação de Desempenho da Carreira da Previdência, da Saúde e do Trabalho - GDPST (14749)
14725;Gratificação de Desempenho de Atividade do Seguro Social - GDASS;10718;DIREITO ADMINISTRATIVO E OUTRAS MATÉRIAS DE DIREITO PÚBLICO (9985) | Servidor Público Civil (10219) | Sistema Remuneratório e Benefícios (10288) | Gratificações Por Atividades Específicas (10718) | Gratificação de Desempenho de Atividade do Seguro Social - GDASS (14725)
14729;Gratificação de Desempenho de Atividade Técnico-Administrativa e de Suporte - GDPGTAS;10718;DIREITO ADMINISTRATIVO E OUTRAS MATÉRIAS DE DIREITO PÚBLICO (9985) | Servidor Público Civil (10219) | Sistema Remuneratório e Benefícios (10288) | Gratificações Por Atividades Específicas (10718) | Gratificação de Desempenho de Atividade Técnico-Administrativa e de Suporte - GDPGTAS (14729)
14724;Gratificação de Desempenho de Atividade Técnico-Administrativo Educacional - GDAE;10718;DIREITO ADMINISTRATIVO E OUTRAS MATÉRIAS DE DIREITO PÚBLICO (9985) | Servidor Público Civil (10219) | Sistema Remuneratório e Benefícios (10288) | Gratificações Por Atividades Específicas (10718) | Gratificação de Desempenho de Atividade Técnico-Administrativo Educacional - GDAE (14724)
14728;Gratificação de Desempenho do Plano Geral de Cargos do Poder Executivo - GDPGPE;10718;DIREITO ADMINISTRATIVO E OUTRAS MATÉRIAS DE DIREITO PÚBLICO (9985) | Servidor Público Civil (10219) | Sistema Remuneratório e Benefícios (10288) | Gratificações Por Atividades Específicas (10718) | Gratificação de Desempenho do Plano Geral de Cargos do Poder Executivo - GDPGPE (14728)
14726;Gratificação de Desempenho e Eficiência - GDE;10718;DIREITO ADMINISTRATIVO E OUTRAS MATÉRIAS DE DIREITO PÚBLICO (9985) | Servidor Público Civil (10219) | Sistema Remuneratório e Benefícios (10288) | Gratificações Por Atividades Específicas (10718) | Gratificação de Desempenho e Eficiência - GDE (14726)
14745;Gratificação Especial de Localidade - GEL;10718;DIREITO ADMINISTRATIVO E OUTRAS MATÉRIAS DE DIREITO PÚBLICO (9985) | Servidor Público Civil (10219) | Sistema Remuneratório e Benefícios (10288) | Gratificações Por Atividades Específicas (10718) | Gratificação Especial de Localidade - GEL (14745)
14748;Gratificação Específica de Atividade Docente do Ensino Fundamental, Médio e Tecnológico - GEAD;10718;DIREITO ADMINISTRATIVO E OUTRAS MATÉRIAS DE DIREITO PÚBLICO (9985) | Servidor Público Civil (10219) | Sistema Remuneratório e Benefícios (10288) | Gratificações Por Atividades Específicas (10718) | Gratificação Específica de Atividade Docente do Ensino Fundamental, Médio e Tecnológico - GEAD (14748)
14727;Gratificação Específica de Publicação e Divulgação da Imprensa Nacional %u2013 GEPDIN;10718;DIREITO ADMINISTRATIVO E OUTRAS MATÉRIAS DE DIREITO PÚBLICO (9985) | Servidor Público Civil (10219) | Sistema Remuneratório e Benefícios (10288) | Gratificações Por Atividades Específicas (10718) | Gratificação Específica de Publicação e Divulgação da Imprensa Nacional %u2013 GEPDIN (14727)
14722;Gratificação pelo Desempenho de Atividades de Apoio - GATA;10718;DIREITO ADMINISTRATIVO E OUTRAS MATÉRIAS DE DIREITO PÚBLICO (9985) | Servidor Público Civil (10219) | Sistema Remuneratório e Benefícios (10288) | Gratificações Por Atividades Específicas (10718) | Gratificação pelo Desempenho de Atividades de Apoio - GATA (14722)
14723;Gratificação pelo Desempenho de Atividades Rodoviárias - GDAR;10718;DIREITO ADMINISTRATIVO E OUTRAS MATÉRIAS DE DIREITO PÚBLICO (9985) | Servidor Público Civil (10219) | Sistema Remuneratório e Benefícios (10288) | Gratificações Por Atividades Específicas (10718) | Gratificação pelo Desempenho de Atividades Rodoviárias - GDAR (14723)
14747;Gratificação por Operações Especiais - GOE;10718;DIREITO ADMINISTRATIVO E OUTRAS MATÉRIAS DE DIREITO PÚBLICO (9985) | Servidor Público Civil (10219) | Sistema Remuneratório e Benefícios (10288) | Gratificações Por Atividades Específicas (10718) | Gratificação por Operações Especiais - GOE (14747)
14744;Paridade Salarial;10221;DIREITO ADMINISTRATIVO E OUTRAS MATÉRIAS DE DIREITO PÚBLICO (9985) | Servidor Público Civil (10219) | Sistema Remuneratório e Benefícios (10288) | Isonomia/Equivalência Salarial (10221) | Paridade Salarial (14744)
14241;Restituição ao Erário;10288;DIREITO ADMINISTRATIVO E OUTRAS MATÉRIAS DE DIREITO PÚBLICO (9985) | Servidor Público Civil (10219) | Sistema Remuneratório e Benefícios (10288) | Restituição ao Erário (14241)
14742;Índice de 13,23%;10307;DIREITO ADMINISTRATIVO E OUTRAS MATÉRIAS DE DIREITO PÚBLICO (9985) | Servidor Público Civil (10219) | Sistema Remuneratório e Benefícios (10288) | Revisão Geral Anual (Mora do Executivo - inciso X, art. 37, CF 1988) (10307) | Índice de 13,23% (14742)
14741;Índice de 14,23%;10307;DIREITO ADMINISTRATIVO E OUTRAS MATÉRIAS DE DIREITO PÚBLICO (9985) | Servidor Público Civil (10219) | Sistema Remuneratório e Benefícios (10288) | Revisão Geral Anual (Mora do Executivo - inciso X, art. 37, CF 1988) (10307) | Índice de 14,23% (14741)
14707;Valores Antecipados na Tutela Posteriormente Revogada/Cassada;10288;DIREITO ADMINISTRATIVO E OUTRAS MATÉRIAS DE DIREITO PÚBLICO (9985) | Servidor Público Civil (10219) | Sistema Remuneratório e Benefícios (10288) | Valores Antecipados na Tutela Posteriormente Revogada/Cassada (14707)
12935;Bem de Família Legal;899;DIREITO CIVIL (899) | Bem de Família Legal (12935)
14205;Lei Geral de Proteção de Dados (LGPD);899;DIREITO CIVIL (899) | Lei Geral de Proteção de Dados (LGPD) (14205)
14207;Privacidade;14205;DIREITO CIVIL (899) | Lei Geral de Proteção de Dados (LGPD) (14205) | Privacidade (14207)
14206;Proteção de Dados Pessoais;14205;DIREITO CIVIL (899) | Lei Geral de Proteção de Dados (LGPD) (14205) | Proteção de Dados Pessoais (14206)
14917;Cessão de Direitos;9580;DIREITO CIVIL (899) | Obrigações (7681) | Espécies de Contratos (9580) | Cessão de Direitos (14917)
14918;Confissão/Composição de Dívida;9580;DIREITO CIVIL (899) | Obrigações (7681) | Espécies de Contratos (9580) | Confissão/Composição de Dívida (14918)
14916;Fornecimento;9580;DIREITO CIVIL (899) | Obrigações (7681) | Espécies de Contratos (9580) | Fornecimento (14916)
14915;Despejo por Inadimplemento;9593;DIREITO CIVIL (899) | Obrigações (7681) | Espécies de Contratos (9580) | Locação de Imóvel (9593) | Despejo por Inadimplemento (14915)
14735;Minha Casa, Minha Vida;4839;DIREITO CIVIL (899) | Obrigações (7681) | Espécies de Contratos (9580) | Sistema Financeiro da Habitação (4839) | Minha Casa, Minha Vida (14735)
14237;Sistema Financeiro Imobiliário;4839;DIREITO CIVIL (899) | Obrigações (7681) | Espécies de Contratos (9580) | Sistema Financeiro da Habitação (4839) | Sistema Financeiro Imobiliário (14237)
14740;Protesto de CDA;4949;DIREITO CIVIL (899) | Obrigações (7681) | Títulos de Crédito (4949) | Protesto de CDA (14740)
14694;DPVAT;10431;DIREITO CIVIL (899) | Responsabilidade Civil (10431) | DPVAT (14694)
14919;Atraso na Entrega do Imóvel;10439;DIREITO CIVIL (899) | Responsabilidade Civil (10431) | Indenização por Dano Material (10439) | Atraso na Entrega do Imóvel (14919)
14921;Direito Autoral;10439;DIREITO CIVIL (899) | Responsabilidade Civil (10431) | Indenização por Dano Material (10439) | Direito Autoral (14921)
14920;Atraso na Entrega do Imóvel;10433;DIREITO CIVIL (899) | Responsabilidade Civil (10431) | Indenização por Dano Moral (10433) | Atraso na Entrega do Imóvel (14920)
14922;Direito Autoral;10433;DIREITO CIVIL (899) | Responsabilidade Civil (10431) | Indenização por Dano Moral (10433) | Direito Autoral (14922)
14759;Tratamento Domiciliar (Home Care);12481;DIREITO DA SAÚDE (12480) | Pública (12481) | Tratamento Domiciliar (Home Care) (14759)
14757;Crédito Direto ao Consumidor - CDC;7752;DIREITO DO CONSUMIDOR (1156) | Contratos de Consumo (7771) | Bancários (7752) | Crédito Direto ao Consumidor - CDC (14757)
14758;Crédito Rotativo;7752;DIREITO DO CONSUMIDOR (1156) | Contratos de Consumo (7771) | Bancários (7752) | Crédito Rotativo (14758)
14926;Revisão de Juros Remuneratórios, Capitalização/Anatocismo;7752;DIREITO DO CONSUMIDOR (1156) | Contratos de Consumo (7771) | Bancários (7752) | Revisão de Juros Remuneratórios, Capitalização/Anatocismo (14926)
12930;Cursos Extracurriculares;1156;DIREITO DO CONSUMIDOR (1156) | Cursos Extracurriculares (12930)
12931;Cobrança;12930;DIREITO DO CONSUMIDOR (1156) | Cursos Extracurriculares (12930) | Cobrança (12931)
12932;Mensalidades;12931;DIREITO DO CONSUMIDOR (1156) | Cursos Extracurriculares (12930) | Cobrança (12931) | Mensalidades (12932)
14925;Repetição do Indébito;6220;DIREITO DO CONSUMIDOR (1156) | Responsabilidade do Fornecedor (6220) | Repetição do Indébito (14925)
12772;Anúncio de Processo, Substância ou Objeto Destinado a Provocar Aborto ;3692;DIREITO PENAL (287) | Contravenções Penais (3692) | Anúncio de Processo, Substância ou Objeto Destinado a Provocar Aborto  (12772)
12774;Custódia de Doente Mental Sem Autorização do Responsável;3692;DIREITO PENAL (287) | Contravenções Penais (3692) | Custódia de Doente Mental Sem Autorização do Responsável (12774)
14236;Exercício Ilegal de Profissão ou Atividade;3692;DIREITO PENAL (287) | Contravenções Penais (3692) | Exercício Ilegal de Profissão ou Atividade (14236)
12773;Internação Não Autorizada em Estabelecimento Psiquiátrico;3692;DIREITO PENAL (287) | Contravenções Penais (3692) | Internação Não Autorizada em Estabelecimento Psiquiátrico (12773)
14704;Promoção de Migração Ilegal;3463;DIREITO PENAL (287) | Crimes contra a Dignidade Sexual (3463) | Promoção de Migração Ilegal (14704)
14731;Fraudes em Certames de Interesse Público;3523;DIREITO PENAL (287) | Crimes contra a Fé Pública (3523) | Fraudes em Certames de Interesse Público (14731)
14104;Condição de Pessoa Idosa;12543;DIREITO PENAL (287) | Crimes contra a Honra (3394) | Injúria (3397) | Preconceituosa (12543) | Condição de Pessoa Idosa (14104)
14105;Condição de Pessoa Portadora de Deficiência;12543;DIREITO PENAL (287) | Crimes contra a Honra (3394) | Injúria (3397) | Preconceituosa (12543) | Condição de Pessoa Portadora de Deficiência (14105)
14101;Cor;12543;DIREITO PENAL (287) | Crimes contra a Honra (3394) | Injúria (3397) | Preconceituosa (12543) | Cor (14101)
14102;Etnia;12543;DIREITO PENAL (287) | Crimes contra a Honra (3394) | Injúria (3397) | Preconceituosa (12543) | Etnia (14102)
14107;Identidade de Gênero;12543;DIREITO PENAL (287) | Crimes contra a Honra (3394) | Injúria (3397) | Preconceituosa (12543) | Identidade de Gênero (14107)
14106;Orientação Sexual;12543;DIREITO PENAL (287) | Crimes contra a Honra (3394) | Injúria (3397) | Preconceituosa (12543) | Orientação Sexual (14106)
14103;Origem;12543;DIREITO PENAL (287) | Crimes contra a Honra (3394) | Injúria (3397) | Preconceituosa (12543) | Origem (14103)
14100;Raça;12543;DIREITO PENAL (287) | Crimes contra a Honra (3394) | Injúria (3397) | Preconceituosa (12543) | Raça (14100)
14665;Tráfico Internacional de Pessoa ;3400;DIREITO PENAL (287) | Crimes contra a liberdade pessoal (3400) | Tráfico Internacional de Pessoa  (14665)
14667;Adoção Ilegal;14665;DIREITO PENAL (287) | Crimes contra a liberdade pessoal (3400) | Tráfico Internacional de Pessoa  (14665) | Adoção Ilegal (14667)
14666;Exploração Sexual;14665;DIREITO PENAL (287) | Crimes contra a liberdade pessoal (3400) | Tráfico Internacional de Pessoa  (14665) | Exploração Sexual (14666)
14670;Remoção de Órgão;14665;DIREITO PENAL (287) | Crimes contra a liberdade pessoal (3400) | Tráfico Internacional de Pessoa  (14665) | Remoção de Órgão (14670)
14668;Servidão;14665;DIREITO PENAL (287) | Crimes contra a liberdade pessoal (3400) | Tráfico Internacional de Pessoa  (14665) | Servidão (14668)
14669;Submissão à Condição Análoga à de Escravo;14665;DIREITO PENAL (287) | Crimes contra a liberdade pessoal (3400) | Tráfico Internacional de Pessoa  (14665) | Submissão à Condição Análoga à de Escravo (14669)
14659;Tráfico Interno de Pessoa;3400;DIREITO PENAL (287) | Crimes contra a liberdade pessoal (3400) | Tráfico Interno de Pessoa (14659)
14663;Adoção Ilegal;14659;DIREITO PENAL (287) | Crimes contra a liberdade pessoal (3400) | Tráfico Interno de Pessoa (14659) | Adoção Ilegal (14663)
14664;Exploração Sexual;14659;DIREITO PENAL (287) | Crimes contra a liberdade pessoal (3400) | Tráfico Interno de Pessoa (14659) | Exploração Sexual (14664)
14660;Remoção de Órgão;14659;DIREITO PENAL (287) | Crimes contra a liberdade pessoal (3400) | Tráfico Interno de Pessoa (14659) | Remoção de Órgão (14660)
14662;Servidão;14659;DIREITO PENAL (287) | Crimes contra a liberdade pessoal (3400) | Tráfico Interno de Pessoa (14659) | Servidão (14662)
14800;Ato ou Omissão Praticado por Funcionário Público em Abuso de Função;10986;DIREITO PENAL (287) | Crimes Previstos na Legislação Extravagante (3603) | Crimes contra o Meio Ambiente e o Patrimônio Genético (3618) | Crime contra a administração ambiental (10986) | Ato ou Omissão Praticado por Funcionário Público em Abuso de Função (14800)
14801;Atos Contrários à Fiscalização e ao Sistema de Aplicação da Lei;10986;DIREITO PENAL (287) | Crimes Previstos na Legislação Extravagante (3603) | Crimes contra o Meio Ambiente e o Patrimônio Genético (3618) | Crime contra a administração ambiental (10986) | Atos Contrários à Fiscalização e ao Sistema de Aplicação da Lei (14801)
14661;Submissão à Condição Análoga à de Escravo;14659;DIREITO PENAL (287) | Crimes contra a liberdade pessoal (3400) | Tráfico Interno de Pessoa (14659) | Submissão à Condição Análoga à de Escravo (14661)
14942;Violência Psicológica contra a Mulher;3400;DIREITO PENAL (287) | Crimes contra a liberdade pessoal (3400) | Violência Psicológica contra a Mulher (14942)
14685;Associação Criminosa;3520;DIREITO PENAL (287) | Crimes contra a Paz Pública (3520) | Associação Criminosa (14685)
14689;Constituição de Milícia Privada;3520;DIREITO PENAL (287) | Crimes contra a Paz Pública (3520) | Constituição de Milícia Privada (14689)
14698;Dano Qualificado contra a Administração Pública;3415;DIREITO PENAL (287) | Crimes contra o Patrimônio (3415) | Dano Qualificado contra a Administração Pública (14698)
14802;Falsidade;10986;DIREITO PENAL (287) | Crimes Previstos na Legislação Extravagante (3603) | Crimes contra o Meio Ambiente e o Patrimônio Genético (3618) | Crime contra a administração ambiental (10986) | Falsidade (14802)
14779;Caça Ilegal e Condutas Equiparadas;3619;DIREITO PENAL (287) | Crimes Previstos na Legislação Extravagante (3603) | Crimes contra o Meio Ambiente e o Patrimônio Genético (3618) | Crimes contra a Fauna (3619) | Caça Ilegal e Condutas Equiparadas (14779)
14805;Atos Contra a Segurança por Violação de Sigilo;3623;DIREITO PENAL (287) | Crimes Previstos na Legislação Extravagante (3603) | Crimes contra o Meio Ambiente e o Patrimônio Genético (3618) | Atividades Nucleares  (3623) | Atos Contra a Segurança por Violação de Sigilo (14805)
14804;Outros Atos que Potencialmente Causam Poluição ou Degradação por Radiação;3623;DIREITO PENAL (287) | Crimes Previstos na Legislação Extravagante (3603) | Crimes contra o Meio Ambiente e o Patrimônio Genético (3618) | Atividades Nucleares  (3623) | Outros Atos que Potencialmente Causam Poluição ou Degradação por Radiação (14804)
14803;Tráfico de Material Nuclear;3623;DIREITO PENAL (287) | Crimes Previstos na Legislação Extravagante (3603) | Crimes contra o Meio Ambiente e o Patrimônio Genético (3618) | Atividades Nucleares  (3623) | Tráfico de Material Nuclear (14803)
